{
    "list": [
        {
            "name": "Left Eye",
            "localPose": {
                "position": {
                    "x": -0.01823381707072258,
                    "y": 0.0009609080734662712,
                    "z": 0.002462492324411869
                },
                "rotation": {
                    "x": 0.0,
                    "y": 4.0261644387341869e-14,
                    "z": 4.5102803599133409e-14,
                    "w": 1.0
                }
            },
            "localScale": {
                "x": 1.0,
                "y": 1.0,
                "z": 1.0
            },
            "vertexIndices": [
                0
            ],
            "controlPoints": [
                {
                    "x": -0.8100000023841858,
                    "y": 0.25,
                    "z": 0.0
                }
            ]
        },
        {
            "name": "Right Eye",
            "localPose": {
                "position": {
                    "x": 0.01823381707072258,
                    "y": 0.0009609080734662712,
                    "z": 0.002462492324411869
                },
                "rotation": {
                    "x": 0.0,
                    "y": 4.0261644387341869e-14,
                    "z": 4.5102803599133409e-14,
                    "w": 1.0
                }
            },
            "localScale": {
                "x": 1.0,
                "y": 1.0,
                "z": 1.0
            },
            "vertexIndices": [
                0
            ],
            "controlPoints": [
                {
                    "x": -0.47999998927116396,
                    "y": 0.8999999761581421,
                    "z": 0.0
                }
            ]
        },
        {
            "name": "Left Screen",
            "localPose": {
                "position": {
                    "x": 0.0,
                    "y": 0.0,
                    "z": 0.0
                },
                "rotation": {
                    "x": 0.0,
                    "y": 0.0,
                    "z": 0.0,
                    "w": 1.0
                }
            },
            "localScale": {
                "x": 1.0,
                "y": 1.0,
                "z": 1.0
            },
            "vertexIndices": [],
            "controlPoints": []
        },
        {
            "name": "Right Screen",
            "localPose": {
                "position": {
                    "x": 0.0,
                    "y": 0.0,
                    "z": 0.0
                },
                "rotation": {
                    "x": 0.0,
                    "y": 0.0,
                    "z": 0.0,
                    "w": 1.0
                }
            },
            "localScale": {
                "x": 1.0,
                "y": 1.0,
                "z": 1.0
            },
            "vertexIndices": [],
            "controlPoints": []
        },
        {
            "name": "Leap Hand Controller",
            "localPose": {
                "position": {
                    "x": -0.019999999552965165,
                    "y": 0.07999999821186066,
                    "z": 0.0
                },
                "rotation": {
                    "x": 0.04361940547823906,
                    "y": 0.0,
                    "z": 0.0,
                    "w": 0.9990482926368713
                }
            },
            "localScale": {
                "x": 2.0,
                "y": 2.0,
                "z": 1.399999976158142
            },
            "vertexIndices": [],
            "controlPoints": []
        }
    ]
}